{
  "Start": {
    "point": [
      0.0,
      -0.0,
      0.0
    ]
  },
  "Mirror #1": {
    "point": [
      0.0,
      1.0,
      0.0
    ],
    "radius": 0.005,
    "displacement": 0.01
  },
  "Mirror #2": {
    "point": [
      -1.334,
      1.0,
      0.48
    ],
    "radius": 0.005,
    "displacement": 0.01
  },
  "Mirror #3": {
    "point": [
      -1.334,
      1.0,
      -2.71
    ],
    "radius": 0.005,
    "displacement": 0.01
  },
  "Mirror #4": {
    "point": [
      -1.334,
      2.75,
      -2.71
    ],
    "radius": 0.005,
    "displacement": 0.01
  },
  "Screen #1": {
    "point": [
      -4.108760447723849,
      2.75,
      -2.7109111950442935
    ],
    "radius": 0.007
  },
  "Screen #2": {
    "point": [
      -7.99276044772385,
      2.75,
      -2.7109111950442935
    ],
    "radius": 0.003
  },
  "Camera": {
    "cam_pos": [
      -10.057538866580831,
      4.170820926385627,
      2.1286230546025826
    ],
    "cam_front": [
      0.6882594729523274,
      -0.4736069754618757,
      -0.549541018200861
    ],
    "cam_up": [
      0.3259644873179364,
      0.7756964327938545,
      -0.26026645952234934
    ],
    "cam_right": [
      0.549541018200861,
      -0.0,
      0.6882594729523274
    ]
  }
}